{"count":1,"self":2511.0448128,"total":2513.5011409999997,"children":{"InitializeActuators":{"count":4,"self":0.0030366,"total":0.0030366,"children":null},"InitializeSensors":{"count":4,"self":0.0030832999999999998,"total":0.0030832999999999998,"children":null},"AgentSendState":{"count":14074,"self":0.4280096,"total":0.48275409999999996,"children":{"CollectObservations":{"count":2816,"self":0.0173711,"total":0.0173711,"children":null},"WriteActionMask":{"count":2816,"self":0.0077459999999999994,"total":0.0077459999999999994,"children":null},"RequestDecision":{"count":2816,"self":0.029627399999999998,"total":0.029627399999999998,"children":null}}},"DecideAction":{"count":14074,"self":1.8709761999999999,"total":1.9118266,"children":{"RayPerceptionSensor.Perceive":{"count":2816,"self":0.040850399999999995,"total":0.040850399999999995,"children":null}}},"AgentAct":{"count":14074,"self":0.055674499999999995,"total":0.055674499999999995,"children":null}},"gauges":{},"metadata":{"timer_format_version":"0.1.0","start_time_seconds":"1755749100","unity_version":"2022.3.52f1","command_line_arguments":"C:\\Program Files\\Unity\\Hub\\Editor\\2022.3.52f1\\Editor\\Unity.exe -projectpath C:\\TheFirstRanger_V1 -useHub -hubIPC -cloudEnvironment production -licensingIpc LicenseClient-F8LiPnST-jjKMf3DDx8wG -hubSessionId 9d6bf435-4946-47d7-b493-eaad6e563ed1 -accessToken if_0-ufP6gIHfXkQlM5J5nsmYmFst0eSuWH2dfm3zEA00df","communication_protocol_version":"1.5.0","com.unity.ml-agents_version":"2.0.1","scene_name":"MissionFinScene","end_time_seconds":"1755751613"}}